GROUP,PACKAGE,CLASS,INSTRUCTION_MISSED,INSTRUCTION_COVERED,BRANCH_MISSED,BRANCH_COVERED,LINE_MISSED,LINE_COVERED,COMPLEXITY_MISSED,COMPLEXITY_COVERED,METHOD_MISSED,METHOD_COVERED
Modular Monolith - Java 25 (Screaming),com.bamartrod.monolith.account.mapper,AccountApiMapperImpl,78,3,6,0,24,1,6,1,3,1
Modular Monolith - Java 25 (Screaming),com.bamartrod.monolith.sales.mapper,SalesApiMapperImpl,78,3,6,0,24,1,6,1,3,1
Modular Monolith - Java 25 (Screaming),com.bamartrod.monolith.interfaces.account.api.model,Financial,204,0,16,0,49,0,26,0,18,0
Modular Monolith - Java 25 (Screaming),com.bamartrod.monolith.interfaces.account.api.model,ErrorResponse,269,0,20,0,62,0,34,0,24,0
Modular Monolith - Java 25 (Screaming),com.bamartrod.monolith.interfaces.account.api.model,FinancialRequest,89,0,8,0,25,0,13,0,9,0
Modular Monolith - Java 25 (Screaming),com.bamartrod.monolith.interfaces.account.api.model,Expedient,173,31,16,0,35,14,17,9,9,9
Modular Monolith - Java 25 (Screaming),com.bamartrod.monolith.interfaces.account.api.model,Account,173,31,16,0,35,14,17,9,9,9
Modular Monolith - Java 25 (Screaming),com.bamartrod.monolith.client.api.model,BelongsDocument,173,31,16,0,35,14,17,9,9,9
Modular Monolith - Java 25 (Screaming),com.bamartrod.monolith.client.api.model,ClientSecureData,173,31,16,0,35,14,17,9,9,9
Modular Monolith - Java 25 (Screaming),com.bamartrod.monolith.client.api.model,Destinations,173,31,16,0,35,14,17,9,9,9
Modular Monolith - Java 25 (Screaming),com.bamartrod.monolith.client.api.model,Products,173,31,16,0,35,14,17,9,9,9
Modular Monolith - Java 25 (Screaming),com.bamartrod.monolith.client.api.model,ClientGeneral,203,38,18,0,40,17,19,11,10,11
Modular Monolith - Java 25 (Screaming),com.bamartrod.monolith.client.api.model,ErrorResponse,269,0,20,0,62,0,34,0,24,0
Modular Monolith - Java 25 (Screaming),com.bamartrod.monolith.marketing.adapter.out.persistence,OracleMarketingReader,30,6,0,0,2,1,2,1,2,1
Modular Monolith - Java 25 (Screaming),com.bamartrod.monolith.platform.persistence,OracleViewReader.ClientViewRecord,9,0,0,0,1,0,1,0,1,0
Modular Monolith - Java 25 (Screaming),com.bamartrod.monolith.platform.persistence,ViewTarget,3,53,0,0,1,8,1,2,1,2
Modular Monolith - Java 25 (Screaming),com.bamartrod.monolith.platform.persistence,OracleViewReader,108,6,4,0,13,1,13,1,11,1
Modular Monolith - Java 25 (Screaming),com.bamartrod.monolith.platform.integration.siebel,HttpSiebelAdapter,69,0,0,0,20,0,4,0,4,0
Modular Monolith - Java 25 (Screaming),com.bamartrod.monolith.platform.integration.siebel,SiebelRecord,0,15,0,0,0,1,0,1,0,1
Modular Monolith - Java 25 (Screaming),com.bamartrod.monolith.sales.domain,SalesUser,25,0,0,0,2,0,2,0,2,0
Modular Monolith - Java 25 (Screaming),com.bamartrod.monolith.sales.domain,SalesTerritory,25,0,0,0,2,0,2,0,2,0
Modular Monolith - Java 25 (Screaming),com.bamartrod.monolith.sales.domain,ProductIndicators,24,0,0,0,2,0,2,0,2,0
Modular Monolith - Java 25 (Screaming),com.bamartrod.monolith.account.domain,Account,24,0,0,0,2,0,2,0,2,0
Modular Monolith - Java 25 (Screaming),com.bamartrod.monolith.account.domain,Expedient,24,0,0,0,2,0,2,0,2,0
Modular Monolith - Java 25 (Screaming),com.bamartrod.monolith.account.domain,Financial,24,0,0,0,2,0,2,0,2,0
Modular Monolith - Java 25 (Screaming),com.bamartrod.monolith.client.domain,Client,18,0,0,0,1,0,1,0,1,0
Modular Monolith - Java 25 (Screaming),com.bamartrod.monolith.interfaces.sales.api.model,SalesTerritory,173,31,16,0,35,14,17,9,9,9
Modular Monolith - Java 25 (Screaming),com.bamartrod.monolith.interfaces.sales.api.model,SalesUser,204,0,16,0,49,0,26,0,18,0
Modular Monolith - Java 25 (Screaming),com.bamartrod.monolith.interfaces.sales.api.model,ProductIndicators,204,0,16,0,49,0,26,0,18,0
Modular Monolith - Java 25 (Screaming),com.bamartrod.monolith.interfaces.sales.api.model,ErrorResponse,269,0,20,0,62,0,34,0,24,0
Modular Monolith - Java 25 (Screaming),com.bamartrod.monolith.marketing.domain,Campaign,15,0,0,0,1,0,1,0,1,0
Modular Monolith - Java 25 (Screaming),com.bamartrod.monolith.platform.events,ClientExtractedEvent,9,0,0,0,1,0,1,0,1,0
Modular Monolith - Java 25 (Screaming),com.bamartrod.monolith.platform.events,FinancialAuditListener,44,7,0,0,4,2,2,2,2,2
Modular Monolith - Java 25 (Screaming),com.bamartrod.monolith.platform.events,ClientExtractionFailedEvent,12,0,0,0,1,0,1,0,1,0
Modular Monolith - Java 25 (Screaming),com.bamartrod.monolith.platform.events,FinancialUpdatedEvent,12,0,0,0,1,0,1,0,1,0
Modular Monolith - Java 25 (Screaming),com.bamartrod.monolith.interfaces.marketing.api,ApiUtil,27,0,0,0,9,0,2,0,2,0
Modular Monolith - Java 25 (Screaming),com.bamartrod.monolith.interfaces.marketing.api,MarketingApi,254,15,36,0,76,3,25,3,7,3
Modular Monolith - Java 25 (Screaming),com.bamartrod.monolith.interfaces.cases.api,CasesApi,254,15,36,0,76,3,25,3,7,3
Modular Monolith - Java 25 (Screaming),com.bamartrod.monolith.interfaces.cases.api,ApiUtil,27,0,0,0,9,0,2,0,2,0
Modular Monolith - Java 25 (Screaming),com.bamartrod.monolith.cases.web,CasesApiController,0,60,0,0,0,7,0,4,0,4
Modular Monolith - Java 25 (Screaming),com.bamartrod.monolith.sales.web,SalesApiController,34,26,0,0,4,3,2,2,2,2
Modular Monolith - Java 25 (Screaming),com.bamartrod.monolith.sales.adapter.in.web,SalesController,66,0,0,0,12,0,4,0,4,0
Modular Monolith - Java 25 (Screaming),com.bamartrod.monolith.marketing.web,MarketingApiController,0,60,0,0,0,7,0,4,0,4
Modular Monolith - Java 25 (Screaming),com.bamartrod.monolith.marketing.application,GetCampaign,10,6,0,0,1,1,1,1,1,1
Modular Monolith - Java 25 (Screaming),com.bamartrod.monolith.cases.domain,Case,15,0,0,0,1,0,1,0,1,0
Modular Monolith - Java 25 (Screaming),com.bamartrod.monolith.client.web,EnrichmentApiController,0,60,0,0,0,10,0,4,0,4
Modular Monolith - Java 25 (Screaming),com.bamartrod.monolith.client.web,ClientApiController,0,94,0,0,0,14,0,6,0,6
Modular Monolith - Java 25 (Screaming),com.bamartrod.monolith.client.persistence,ClientExistenceAdapter,11,6,0,0,1,3,2,1,2,1
Modular Monolith - Java 25 (Screaming),com.bamartrod.monolith.client.persistence,ClientEntity,34,0,0,0,13,0,7,0,7,0
Modular Monolith - Java 25 (Screaming),com.bamartrod.monolith.client.web.legacy,IBRequestParser.SecureDataPayload,0,6,0,0,0,1,0,1,0,1
Modular Monolith - Java 25 (Screaming),com.bamartrod.monolith.client.web.legacy,IBRequestParser.ErrorResponse,0,9,0,0,0,1,0,1,0,1
Modular Monolith - Java 25 (Screaming),com.bamartrod.monolith.client.web.legacy,LegacyXmlEnvelope.Section,6,0,0,0,1,0,1,0,1,0
Modular Monolith - Java 25 (Screaming),com.bamartrod.monolith.client.web.legacy,LegacyXmlEnvelope,168,0,56,0,26,0,30,0,2,0
Modular Monolith - Java 25 (Screaming),com.bamartrod.monolith.client.web.legacy,LegacyXmlEnvelope.ContentSections,6,0,0,0,1,0,1,0,1,0
Modular Monolith - Java 25 (Screaming),com.bamartrod.monolith.client.web.legacy,LegacyXmlEnvelope.Consulta,15,0,0,0,1,0,1,0,1,0
Modular Monolith - Java 25 (Screaming),com.bamartrod.monolith.client.web.legacy,LegacyXmlEnvelope.Request,15,0,0,0,1,0,1,0,1,0
Modular Monolith - Java 25 (Screaming),com.bamartrod.monolith.client.web.legacy,IBRequestParser.SecureDataResponse,0,9,0,0,0,1,0,1,0,1
Modular Monolith - Java 25 (Screaming),com.bamartrod.monolith.client.web.legacy,LegacyClientXmlController,27,144,1,3,1,15,1,4,0,3
Modular Monolith - Java 25 (Screaming),com.bamartrod.monolith.client.web.legacy,IBRequestParser,145,166,34,16,23,29,24,7,1,5
Modular Monolith - Java 25 (Screaming),com.bamartrod.monolith.client.web.legacy,LegacyXmlEnvelope.Data,6,0,0,0,1,0,1,0,1,0
Modular Monolith - Java 25 (Screaming),com.bamartrod.monolith,MonolithApplication,5,7,0,0,2,2,1,2,1,2
Modular Monolith - Java 25 (Screaming),com.bamartrod.monolith.platform.integration.homologation,HomologationAdapter,29,3,8,0,6,1,7,1,2,1
Modular Monolith - Java 25 (Screaming),com.bamartrod.monolith.platform.web,GlobalExceptionHandler.ErrorBody,18,0,0,0,1,0,1,0,1,0
Modular Monolith - Java 25 (Screaming),com.bamartrod.monolith.platform.web,CorrelationFilter,67,3,6,0,9,1,4,1,1,1
Modular Monolith - Java 25 (Screaming),com.bamartrod.monolith.platform.web,GlobalExceptionHandler,61,3,5,0,6,1,5,1,2,1
Modular Monolith - Java 25 (Screaming),com.bamartrod.monolith.platform.web,CorrelationContext,11,36,4,6,0,10,4,2,0,1
Modular Monolith - Java 25 (Screaming),com.bamartrod.monolith.platform.web,ResponseDispatcher,0,58,0,2,0,3,0,2,0,1
Modular Monolith - Java 25 (Screaming),com.bamartrod.monolith.cases.adapter.out.persistence,OracleCaseReader,30,6,0,0,2,1,2,1,2,1
Modular Monolith - Java 25 (Screaming),com.bamartrod.monolith.client,ClientModels.Products,0,15,0,0,0,1,0,1,0,1
Modular Monolith - Java 25 (Screaming),com.bamartrod.monolith.client,ClientModels.Belongs,0,15,0,0,0,1,0,1,0,1
Modular Monolith - Java 25 (Screaming),com.bamartrod.monolith.client,ClientService,21,91,0,0,2,8,3,10,3,10
Modular Monolith - Java 25 (Screaming),com.bamartrod.monolith.client,ClientMapperImpl,16,201,8,8,8,58,8,9,0,9
Modular Monolith - Java 25 (Screaming),com.bamartrod.monolith.client,ClientModels.Destinations,0,15,0,0,0,1,0,1,0,1
Modular Monolith - Java 25 (Screaming),com.bamartrod.monolith.client,ClientModels.SecureData,0,15,0,0,0,1,0,1,0,1
Modular Monolith - Java 25 (Screaming),com.bamartrod.monolith.client,ClientModels.GeneralInfo,0,18,0,0,0,1,0,1,0,1
Modular Monolith - Java 25 (Screaming),com.bamartrod.monolith.client,ClientStatus,0,27,0,0,0,5,0,1,0,1
Modular Monolith - Java 25 (Screaming),com.bamartrod.monolith.client,ClientModels,54,41,2,0,7,5,5,5,4,5
Modular Monolith - Java 25 (Screaming),com.bamartrod.monolith.client,Client,53,0,10,0,7,0,8,0,3,0
Modular Monolith - Java 25 (Screaming),com.bamartrod.monolith.platform.kernel,DomainError.NotFound,0,9,0,0,0,1,0,1,0,1
Modular Monolith - Java 25 (Screaming),com.bamartrod.monolith.platform.kernel,CorrelationId,5,22,2,2,0,5,2,3,0,3
Modular Monolith - Java 25 (Screaming),com.bamartrod.monolith.platform.kernel,DomainException,11,0,0,0,2,0,2,0,2,0
Modular Monolith - Java 25 (Screaming),com.bamartrod.monolith.platform.kernel,Result.Success,0,6,0,0,0,1,0,1,0,1
Modular Monolith - Java 25 (Screaming),com.bamartrod.monolith.platform.kernel,Result.Failure,0,6,0,0,0,1,0,1,0,1
Modular Monolith - Java 25 (Screaming),com.bamartrod.monolith.platform.kernel,DomainError.Conflict,9,0,0,0,1,0,1,0,1,0
Modular Monolith - Java 25 (Screaming),com.bamartrod.monolith.platform.kernel,ClientId,21,0,4,0,4,0,4,0,2,0
Modular Monolith - Java 25 (Screaming),com.bamartrod.monolith.platform.kernel,DomainError.Validation,9,0,0,0,1,0,1,0,1,0
Modular Monolith - Java 25 (Screaming),com.bamartrod.monolith.platform.kernel,Result,180,18,8,0,16,1,15,2,11,2
Modular Monolith - Java 25 (Screaming),com.bamartrod.monolith.platform.kernel,DomainError,74,17,5,1,6,2,5,1,1,1
Modular Monolith - Java 25 (Screaming),com.bamartrod.monolith.sales.adapter.out.persistence,OracleSalesReader,64,6,0,0,5,3,8,1,8,1
Modular Monolith - Java 25 (Screaming),com.bamartrod.monolith.shared.web,CorrelationContext,47,0,10,0,10,0,6,0,1,0
Modular Monolith - Java 25 (Screaming),com.bamartrod.monolith.shared.web,CorrelationFilter,70,0,6,0,10,0,5,0,2,0
Modular Monolith - Java 25 (Screaming),com.bamartrod.monolith.shared.web,GlobalExceptionHandler.ErrorBody,18,0,0,0,1,0,1,0,1,0
Modular Monolith - Java 25 (Screaming),com.bamartrod.monolith.shared.web,ResponseDispatcher,58,0,2,0,3,0,2,0,1,0
Modular Monolith - Java 25 (Screaming),com.bamartrod.monolith.shared.web,GlobalExceptionHandler,64,0,5,0,7,0,6,0,3,0
Modular Monolith - Java 25 (Screaming),com.bamartrod.monolith.account,AccountModels.Expedient,0,15,0,0,0,1,0,1,0,1
Modular Monolith - Java 25 (Screaming),com.bamartrod.monolith.account,AccountMapperImpl,30,51,4,2,10,15,4,3,1,3
Modular Monolith - Java 25 (Screaming),com.bamartrod.monolith.account,AccountCommandService,159,16,12,0,21,6,9,2,3,2
Modular Monolith - Java 25 (Screaming),com.bamartrod.monolith.account,AccountModels.Account,0,15,0,0,0,1,0,1,0,1
Modular Monolith - Java 25 (Screaming),com.bamartrod.monolith.account,AccountModels.Financial,15,0,0,0,1,0,1,0,1,0
Modular Monolith - Java 25 (Screaming),com.bamartrod.monolith.account,AccountQueryService,18,42,0,0,1,3,2,5,2,5
Modular Monolith - Java 25 (Screaming),com.bamartrod.monolith.account,AccountModels,9,19,0,0,1,2,1,2,1,2
Modular Monolith - Java 25 (Screaming),com.bamartrod.monolith.client.events,ClientEventListener,49,13,0,0,9,5,3,2,3,2
Modular Monolith - Java 25 (Screaming),com.bamartrod.monolith.account.web,AccountApiController,149,46,4,0,12,5,5,3,3,3
Modular Monolith - Java 25 (Screaming),com.bamartrod.monolith.interfaces.clientenrichment.api,ApiUtil,27,0,0,0,9,0,2,0,2,0
Modular Monolith - Java 25 (Screaming),com.bamartrod.monolith.interfaces.clientenrichment.api,EnrichmentApi,254,15,36,0,76,3,25,3,7,3
Modular Monolith - Java 25 (Screaming),com.bamartrod.monolith.shared.kernel,CorrelationId,27,0,4,0,5,0,5,0,3,0
Modular Monolith - Java 25 (Screaming),com.bamartrod.monolith.shared.kernel,DomainError.Validation,9,0,0,0,1,0,1,0,1,0
Modular Monolith - Java 25 (Screaming),com.bamartrod.monolith.shared.kernel,Result,198,0,8,0,17,0,17,0,13,0
Modular Monolith - Java 25 (Screaming),com.bamartrod.monolith.shared.kernel,DomainError.NotFound,9,0,0,0,1,0,1,0,1,0
Modular Monolith - Java 25 (Screaming),com.bamartrod.monolith.shared.kernel,ClientId,21,0,4,0,4,0,4,0,2,0
Modular Monolith - Java 25 (Screaming),com.bamartrod.monolith.shared.kernel,DomainException,11,0,0,0,2,0,2,0,2,0
Modular Monolith - Java 25 (Screaming),com.bamartrod.monolith.shared.kernel,DomainError,91,0,6,0,8,0,6,0,2,0
Modular Monolith - Java 25 (Screaming),com.bamartrod.monolith.shared.kernel,Result.Failure,6,0,0,0,1,0,1,0,1,0
Modular Monolith - Java 25 (Screaming),com.bamartrod.monolith.shared.kernel,Result.Success,6,0,0,0,1,0,1,0,1,0
Modular Monolith - Java 25 (Screaming),com.bamartrod.monolith.shared.kernel,DomainError.Conflict,9,0,0,0,1,0,1,0,1,0
Modular Monolith - Java 25 (Screaming),com.bamartrod.monolith.cases.application,GetCase,10,6,0,0,1,1,1,1,1,1
Modular Monolith - Java 25 (Screaming),com.bamartrod.monolith.interfaces.clientenrichment.api.model,BelongsDocument,173,31,16,0,35,14,17,9,9,9
Modular Monolith - Java 25 (Screaming),com.bamartrod.monolith.interfaces.clientenrichment.api.model,Destinations,173,31,16,0,35,14,17,9,9,9
Modular Monolith - Java 25 (Screaming),com.bamartrod.monolith.interfaces.clientenrichment.api.model,ErrorResponse,269,0,20,0,62,0,34,0,24,0
Modular Monolith - Java 25 (Screaming),com.bamartrod.monolith.interfaces.clientenrichment.api.model,Products,173,31,16,0,35,14,17,9,9,9
Modular Monolith - Java 25 (Screaming),com.bamartrod.monolith.marketing,MarketingModels.Campaign,0,15,0,0,0,1,0,1,0,1
Modular Monolith - Java 25 (Screaming),com.bamartrod.monolith.marketing,MarketingMapperImpl,6,75,3,3,3,22,3,4,0,4
Modular Monolith - Java 25 (Screaming),com.bamartrod.monolith.marketing,MarketingModels.Marketing,0,15,0,0,0,1,0,1,0,1
Modular Monolith - Java 25 (Screaming),com.bamartrod.monolith.marketing,MarketingModels.Prospect,0,15,0,0,0,1,0,1,0,1
Modular Monolith - Java 25 (Screaming),com.bamartrod.monolith.marketing,MarketingModels,0,27,0,0,0,3,0,3,0,3
Modular Monolith - Java 25 (Screaming),com.bamartrod.monolith.marketing,MarketingService,0,60,0,0,0,4,0,7,0,7
Modular Monolith - Java 25 (Screaming),com.bamartrod.monolith.client.application.query,GetClient,10,6,0,0,1,1,1,1,1,1
Modular Monolith - Java 25 (Screaming),com.bamartrod.monolith.client.adapter.out.persistence,OracleClientReader,34,6,0,0,2,1,2,1,2,1
Modular Monolith - Java 25 (Screaming),com.bamartrod.monolith.account.adapter.in.web,AccountController,204,0,4,0,20,0,8,0,6,0
Modular Monolith - Java 25 (Screaming),com.bamartrod.monolith.account.application.command,UpdateFinancial,49,13,6,0,5,4,4,2,1,2
Modular Monolith - Java 25 (Screaming),com.bamartrod.monolith.account.application.command,ExtractClient,46,13,6,0,5,4,4,2,1,2
Modular Monolith - Java 25 (Screaming),com.bamartrod.monolith.sales,SalesModels,19,10,0,0,2,1,2,1,2,1
Modular Monolith - Java 25 (Screaming),com.bamartrod.monolith.sales,SalesService,36,24,0,0,2,2,4,3,4,3
Modular Monolith - Java 25 (Screaming),com.bamartrod.monolith.sales,SalesModels.Indicators,15,0,0,0,1,0,1,0,1,0
Modular Monolith - Java 25 (Screaming),com.bamartrod.monolith.sales,SalesModels.Territory,0,15,0,0,0,1,0,1,0,1
Modular Monolith - Java 25 (Screaming),com.bamartrod.monolith.sales,SalesMapperImpl,54,27,5,1,17,8,5,2,2,2
Modular Monolith - Java 25 (Screaming),com.bamartrod.monolith.sales,SalesModels.User,15,0,0,0,1,0,1,0,1,0
Modular Monolith - Java 25 (Screaming),com.bamartrod.monolith.interfaces.sales.api,ApiUtil,27,0,0,0,9,0,2,0,2,0
Modular Monolith - Java 25 (Screaming),com.bamartrod.monolith.interfaces.sales.api,SalesApi,264,5,36,0,78,1,27,1,9,1
Modular Monolith - Java 25 (Screaming),com.bamartrod.monolith.account.adapter.out.persistence,OracleAccountReader,66,6,0,0,5,1,8,1,8,1
Modular Monolith - Java 25 (Screaming),com.bamartrod.monolith.interfaces.marketing.api.model,Marketing,173,31,16,0,35,14,17,9,9,9
Modular Monolith - Java 25 (Screaming),com.bamartrod.monolith.interfaces.marketing.api.model,ErrorResponse,269,0,20,0,62,0,34,0,24,0
Modular Monolith - Java 25 (Screaming),com.bamartrod.monolith.interfaces.marketing.api.model,Campaign,173,31,16,0,35,14,17,9,9,9
Modular Monolith - Java 25 (Screaming),com.bamartrod.monolith.interfaces.marketing.api.model,Prospect,173,31,16,0,35,14,17,9,9,9
Modular Monolith - Java 25 (Screaming),com.bamartrod.monolith.client.api,ClientApi,302,25,40,0,86,5,31,5,11,5
Modular Monolith - Java 25 (Screaming),com.bamartrod.monolith.client.api,ApiUtil,27,0,0,0,9,0,2,0,2,0
Modular Monolith - Java 25 (Screaming),com.bamartrod.monolith.cases,CasesModels.CasesSummary,0,15,0,0,0,1,0,1,0,1
Modular Monolith - Java 25 (Screaming),com.bamartrod.monolith.cases,CasesService,0,69,0,0,0,4,0,7,0,7
Modular Monolith - Java 25 (Screaming),com.bamartrod.monolith.cases,CasesMapperImpl,6,76,3,3,3,22,3,4,0,4
Modular Monolith - Java 25 (Screaming),com.bamartrod.monolith.cases,CasesModels.CasesOrq,0,15,0,0,0,1,0,1,0,1
Modular Monolith - Java 25 (Screaming),com.bamartrod.monolith.cases,CasesModels.Cases,0,15,0,0,0,1,0,1,0,1
Modular Monolith - Java 25 (Screaming),com.bamartrod.monolith.cases,CasesModels,0,18,0,0,0,2,0,2,0,2
Modular Monolith - Java 25 (Screaming),com.bamartrod.monolith.interfaces.account.api,ApiUtil,27,0,0,0,9,0,2,0,2,0
Modular Monolith - Java 25 (Screaming),com.bamartrod.monolith.interfaces.account.api,AccountApi,390,10,52,0,113,2,40,2,14,2
Modular Monolith - Java 25 (Screaming),com.bamartrod.monolith.interfaces.cases.api.model,ErrorResponse,269,0,20,0,62,0,34,0,24,0
Modular Monolith - Java 25 (Screaming),com.bamartrod.monolith.interfaces.cases.api.model,Cases,173,31,16,0,35,14,17,9,9,9
Modular Monolith - Java 25 (Screaming),com.bamartrod.monolith.interfaces.cases.api.model,CasesOrq,173,31,16,0,35,14,17,9,9,9
Modular Monolith - Java 25 (Screaming),com.bamartrod.monolith.interfaces.cases.api.model,CasesSummary,173,31,16,0,35,14,17,9,9,9
Modular Monolith - Java 25 (Screaming),com.bamartrod.monolith.sales.application,GetSalesTerritory,10,6,0,0,1,3,1,1,1,1
Modular Monolith - Java 25 (Screaming),com.bamartrod.monolith.sales.application,GetProductIndicators,10,6,0,0,1,3,1,1,1,1
Modular Monolith - Java 25 (Screaming),com.bamartrod.monolith.sales.application,GetSalesUser,10,6,0,0,1,3,1,1,1,1
Modular Monolith - Java 25 (Screaming),com.bamartrod.monolith.account.application.query,GetAccount,10,6,0,0,1,1,1,1,1,1
Modular Monolith - Java 25 (Screaming),com.bamartrod.monolith.account.application.query,GetFinancial,10,6,0,0,1,1,1,1,1,1
Modular Monolith - Java 25 (Screaming),com.bamartrod.monolith.account.application.query,GetExpedient,10,6,0,0,1,1,1,1,1,1
